Workbook

Sheet Start here
A1: Sweet Notes
A2: A Valentine’s event, built on kindness | The Pastoral Guide
A4: Fill these in first
A5: Every yellow cell in this workbook is one you fill in. Everything else works itself out.
A7: Price per bag | B7: 1 | C7: The Money tab uses this to work out your takings.
A8: The charity the money goes to | C8: Say it out loud in the assembly. People give more when they know where it goes.
A9: Who is running it | C9: A student council, a form group, whoever is doing the work.
A10: Stall opens
A11: Last orders
A12: Delivery morning
A15: How the tabs work
A16: Orders | B16: One row per bag sold. Fill it in at the stall as each order is taken.
A17: By form | B17: Type your form groups in column A. It counts and checks off the rest for you.
A18: Money | B18: Takings, what you spent, and what is left for the charity.
A21: What a filled-in order row looks like
A22: An example, not a real order. Nothing here is counted anywhere.
A23: # | B23: Date taken | C23: Who it is for | D23: Their form | E23: Sold by | F23: Paid
A24: 1 | B24: 14/01/2026 | C24: Amelia Okafor | D24: 9B | E24: Priya | F24: Yes

Sheet Orders
A1: Orders
A2: One row per bag. Fill it in at the stall. | The Pastoral Guide
A4: # | B4: Date taken | C4: Who it is for | D4: Their form | E4: Sold by | F4: Paid | G4: Note written | H4: Note checked | I4: Bag made | J4: Ready to go | K4: Delivered
A5: 1 | J5: =IF(COUNTA(C5,D5)=0,"",IF(AND(F5="Yes",G5="Yes",H5="Yes",I5="Yes"),"Ready","Not yet"))
A6: 2 | J6: =IF(COUNTA(C6,D6)=0,"",IF(AND(F6="Yes",G6="Yes",H6="Yes",I6="Yes"),"Ready","Not yet"))
A7: 3 | J7: =IF(COUNTA(C7,D7)=0,"",IF(AND(F7="Yes",G7="Yes",H7="Yes",I7="Yes"),"Ready","Not yet"))
A8: 4 | J8: =IF(COUNTA(C8,D8)=0,"",IF(AND(F8="Yes",G8="Yes",H8="Yes",I8="Yes"),"Ready","Not yet"))
A9: 5 | J9: =IF(COUNTA(C9,D9)=0,"",IF(AND(F9="Yes",G9="Yes",H9="Yes",I9="Yes"),"Ready","Not yet"))
A10: 6 | J10: =IF(COUNTA(C10,D10)=0,"",IF(AND(F10="Yes",G10="Yes",H10="Yes",I10="Yes"),"Ready","Not yet"))
A11: 7 | J11: =IF(COUNTA(C11,D11)=0,"",IF(AND(F11="Yes",G11="Yes",H11="Yes",I11="Yes"),"Ready","Not yet"))
A12: 8 | J12: =IF(COUNTA(C12,D12)=0,"",IF(AND(F12="Yes",G12="Yes",H12="Yes",I12="Yes"),"Ready","Not yet"))
A13: 9 | J13: =IF(COUNTA(C13,D13)=0,"",IF(AND(F13="Yes",G13="Yes",H13="Yes",I13="Yes"),"Ready","Not yet"))
A14: 10 | J14: =IF(COUNTA(C14,D14)=0,"",IF(AND(F14="Yes",G14="Yes",H14="Yes",I14="Yes"),"Ready","Not yet"))
A15: 11 | J15: =IF(COUNTA(C15,D15)=0,"",IF(AND(F15="Yes",G15="Yes",H15="Yes",I15="Yes"),"Ready","Not yet"))
A16: 12 | J16: =IF(COUNTA(C16,D16)=0,"",IF(AND(F16="Yes",G16="Yes",H16="Yes",I16="Yes"),"Ready","Not yet"))
... A84: 80 | J84: =IF(COUNTA(C84,D84)=0,"",IF(AND(F84="Yes",G84="Yes",H84="Yes",I84="Yes"),"Ready","Not yet"))
A87: “Note checked” means an adult has read that note. Nothing is delivered with that column blank.

Sheet By form
A1: By form
A2: Type your form groups in column A. The rest counts itself. | The Pastoral Guide
A4: Form | B4: Bags | C4: Notes checked | D4: Still to check | E4: Delivered | F4: Still to deliver
B5: =IF($A5="","",COUNTIF(Orders!$D:$D,$A5)) | C5: =IF($A5="","",COUNTIFS(Orders!$D:$D,$A5,Orders!$H:$H,"Yes")) | D5: =IF($A5="","",B5-C5) | E5: =IF($A5="","",COUNTIFS(Orders!$D:$D,$A5,Orders!$K:$K,"Yes")) | F5: =IF($A5="","",B5-E5)
B6: =IF($A6="","",COUNTIF(Orders!$D:$D,$A6)) | C6: =IF($A6="","",COUNTIFS(Orders!$D:$D,$A6,Orders!$H:$H,"Yes")) | D6: =IF($A6="","",B6-C6) | E6: =IF($A6="","",COUNTIFS(Orders!$D:$D,$A6,Orders!$K:$K,"Yes")) | F6: =IF($A6="","",B6-E6)
B7: =IF($A7="","",COUNTIF(Orders!$D:$D,$A7)) | C7: =IF($A7="","",COUNTIFS(Orders!$D:$D,$A7,Orders!$H:$H,"Yes")) | D7: =IF($A7="","",B7-C7) | E7: =IF($A7="","",COUNTIFS(Orders!$D:$D,$A7,Orders!$K:$K,"Yes")) | F7: =IF($A7="","",B7-E7)
B8: =IF($A8="","",COUNTIF(Orders!$D:$D,$A8)) | C8: =IF($A8="","",COUNTIFS(Orders!$D:$D,$A8,Orders!$H:$H,"Yes")) | D8: =IF($A8="","",B8-C8) | E8: =IF($A8="","",COUNTIFS(Orders!$D:$D,$A8,Orders!$K:$K,"Yes")) | F8: =IF($A8="","",B8-E8)
B9: =IF($A9="","",COUNTIF(Orders!$D:$D,$A9)) | C9: =IF($A9="","",COUNTIFS(Orders!$D:$D,$A9,Orders!$H:$H,"Yes")) | D9: =IF($A9="","",B9-C9) | E9: =IF($A9="","",COUNTIFS(Orders!$D:$D,$A9,Orders!$K:$K,"Yes")) | F9: =IF($A9="","",B9-E9)
B10: =IF($A10="","",COUNTIF(Orders!$D:$D,$A10)) | C10: =IF($A10="","",COUNTIFS(Orders!$D:$D,$A10,Orders!$H:$H,"Yes")) | D10: =IF($A10="","",B10-C10) | E10: =IF($A10="","",COUNTIFS(Orders!$D:$D,$A10,Orders!$K:$K,"Yes")) | F10: =IF($A10="","",B10-E10)
B11: =IF($A11="","",COUNTIF(Orders!$D:$D,$A11)) | C11: =IF($A11="","",COUNTIFS(Orders!$D:$D,$A11,Orders!$H:$H,"Yes")) | D11: =IF($A11="","",B11-C11) | E11: =IF($A11="","",COUNTIFS(Orders!$D:$D,$A11,Orders!$K:$K,"Yes")) | F11: =IF($A11="","",B11-E11)
B12: =IF($A12="","",COUNTIF(Orders!$D:$D,$A12)) | C12: =IF($A12="","",COUNTIFS(Orders!$D:$D,$A12,Orders!$H:$H,"Yes")) | D12: =IF($A12="","",B12-C12) | E12: =IF($A12="","",COUNTIFS(Orders!$D:$D,$A12,Orders!$K:$K,"Yes")) | F12: =IF($A12="","",B12-E12)
B13: =IF($A13="","",COUNTIF(Orders!$D:$D,$A13)) | C13: =IF($A13="","",COUNTIFS(Orders!$D:$D,$A13,Orders!$H:$H,"Yes")) | D13: =IF($A13="","",B13-C13) | E13: =IF($A13="","",COUNTIFS(Orders!$D:$D,$A13,Orders!$K:$K,"Yes")) | F13: =IF($A13="","",B13-E13)
B14: =IF($A14="","",COUNTIF(Orders!$D:$D,$A14)) | C14: =IF($A14="","",COUNTIFS(Orders!$D:$D,$A14,Orders!$H:$H,"Yes")) | D14: =IF($A14="","",B14-C14) | E14: =IF($A14="","",COUNTIFS(Orders!$D:$D,$A14,Orders!$K:$K,"Yes")) | F14: =IF($A14="","",B14-E14)
B15: =IF($A15="","",COUNTIF(Orders!$D:$D,$A15)) | C15: =IF($A15="","",COUNTIFS(Orders!$D:$D,$A15,Orders!$H:$H,"Yes")) | D15: =IF($A15="","",B15-C15) | E15: =IF($A15="","",COUNTIFS(Orders!$D:$D,$A15,Orders!$K:$K,"Yes")) | F15: =IF($A15="","",B15-E15)
B16: =IF($A16="","",COUNTIF(Orders!$D:$D,$A16)) | C16: =IF($A16="","",COUNTIFS(Orders!$D:$D,$A16,Orders!$H:$H,"Yes")) | D16: =IF($A16="","",B16-C16) | E16: =IF($A16="","",COUNTIFS(Orders!$D:$D,$A16,Orders!$K:$K,"Yes")) | F16: =IF($A16="","",B16-E16)
... B34: =IF($A34="","",COUNTIF(Orders!$D:$D,$A34)) | C34: =IF($A34="","",COUNTIFS(Orders!$D:$D,$A34,Orders!$H:$H,"Yes")) | D34: =IF($A34="","",B34-C34) | E34: =IF($A34="","",COUNTIFS(Orders!$D:$D,$A34,Orders!$K:$K,"Yes")) | F34: =IF($A34="","",B34-E34)
A35: Total | B35: =SUM(B5:B34) | C35: =SUM(C5:C34) | D35: =SUM(D5:D34) | E35: =SUM(E5:E34) | F35: =SUM(F5:F34)
A38: Bags counts every order for that form. It does not care whether it is paid for yet.

Sheet Money
A1: Money
A2: What came in, what went out, what goes to the charity. | The Pastoral Guide
A4: Coming in
A5: Bags paid for | B5: =COUNTIF(Orders!$F:$F,"Yes") | C5: Counted from the Orders tab.
A6: Price per bag | B6: ='Start here'!$B$7 | C6: Set on the Start here tab.
A7: Total taken | B7: =B5*B6
A10: Going out
A11: Put what you actually spent in the yellow cells.
A12: Hot chocolate powder | B12: 0
A13: Marshmallows | B13: 0
A14: Food bags | B14: 0
A15: Ribbon | B15: 0
A16: Card and printing | B16: 0
A17: Anything else | B17: 0
A18: Total spent | B18: =SUM(B12:B17)
A21: To the charity | B21: =B7-B18
C22: Total taken less total spent.
A23: Going to | B23: ='Start here'!$B$8
